Java,70
//,52
new,47
'',45
``,43
Button,30
The,29
int,29
code,27
class,26
b,25
All,24
1996-2003,23
jGuru.com,23
Rights,23
Basics,23
applet,22
public,21
C++,21
array,20
method,19
example,18
object,18
objects,17
1,17
String,14
Reserved.Java,13
language,13
use,13
Basics©,12
C/C++,12
data,12
may,12
For,12
BasicsJava,11
void,11
This,11
...,11
/*,11
types,11
C,11
memory,11
browser,10
following,10
make,9
file,9
0,9
primitive,9
reference,9
operator,9
programs,8
applets,8
applications,8
system,8
program,8
two,8
string,8
methods,8
comments,8
allocate,8
would,8
one,7
runtime,7
No,7
g,7
OK,7
2,7
garbage,7
collection,6
You,6
called,6
args,6
init,6
refer,6
sizeof,6
pointers,6
executed,5
byte,5
source,5
main,5
--,5
An,5
Applet,5
predefined,5
used,5
similar,5
value,5
using,5
null,5
equivalent,5
calloc,5
makes,4
Garbage,4
need,4
effect,4
write,4
pointer,4
Array,4
definition,4
WWW,4
static,4
System.out.println,4
To,4
instance,4
variables,4
start,4
animations,4
stop,4
import,4
tag,4
parameters,4
width,4
comment,4
/**,4
foo,4
*b,4
NULL,4
heap,4
type,4
strings,4
literal,4
include,3
portable,3
defined,3
contrast,3
compiler,3
library,3
platform,3
easily,3
must,3
A,3
reside,3
first,3
look,3
always,3
definitions,3
within,3
appletviewer,3
inthis,3
paint,3
Graphics,3
drawn,3
destroy,3
java.applet.Applet,3
extends,3
create,3
threads,3
n't,3
test,3
like,3
parameter,3
param,3
p1,3
p2,3
getParameter,3
C-style,3
*/,3
style,3
blah,3
nothing,3
TypeName,3
defines,3
bits,3
boolean,3
stack,3
codevoid,3
define,3
allocates,3
statements,3
point,3
e.g.,3
section,2
secure,2
robust,2
structure,2
How,2
invoked,2
I,2
hardware,2
version,2
particular,2
features,2
By,2
machine,2
thesame,2
calls,2
written,2
interpreted,2
therefore,2
level,2
arithmetic,2
bounds,2
checking,2
I/O,2
It,2
bad,2
addresses,2
Program,2
containing,2
compilation,2
unit,2
contains,2
set,2
classes,2
contain,2
state,2
Applets,2
Unlike,2
placed,2
variable,2
done,2
dynamically,2
shows,2
Simple,2
prints,2
hi,2
TrivialApplication,2
second,2
creates,2
messages,2
automatically,2
invoke,2
initialized,2
components,2
buttons,2
added,2
GUI,2
leave,2
suspend,2
resources,2
dispose,2
call,2
default,2
etc,2
simply,2
Hello,2
World,2
Wide,2
Web,2
TrivialApplet,2
20,2
output,2
HTML,2
form,2
code=AppletName.class,2
/applet,2
optional,2
access,2
Reserved,2
text,2
opening,2
line,2
document,2
simple,2
syntax,2
variableName,2
Primitive,2
IEEE,2
space,2
points,2
declare,2
*/Button,2
These,2
addition,2
-1Java,1
BasicsTopics,1
What,1
Language,1
Part,1
Comments,1
Declarations,1
Expressions,1
Statements,1
SemanticsPortabilityJava,1
across,1
operating,1
systems,1
environments.Portability,1
advantage,1
software,1
serve,1
broad,1
market.,1
Internet,1
becomes,1
giant,1
dynamic,1
library.,1
longer,1
limited,1
computer,1
platform.Three,1
portable:1,1
completely,1
specified,1
data-type,1
sizes,1
andformats,1
part,1
leaves,1
details,1
implementor,1
many,1
thereforeJava,1
-2©,1
Reserved.are,1
portable.2,1
available,1
Javaruntime,1
every,1
Window-manager,1
function,1
Macapplication,1
port,1
well,1
PC.3,1
compile,1
codedirectly,1
inflexible,1
nonportable,1
representation,1
ofyour,1
Instead,1
translated,1
machine-independentbyte,1
onany,1
latest,1
versions,1
NetscapeNavigator,1
run,1
virtually,1
.SecurityThe,1
difficult,1
incorrect,1
orviruses,1
corrupt/steal,1
harm,1
hard,1
disks.There,1
lines,1
defense,1
Interpreter,1
illegal,1
conversions,1
Browser,1
applies,1
local,1
Sockets,1
back,1
host,1
native,1
methodsRobustnessThe,1
several,1
designed,1
avoid,1
crashesduring,1
execution,1
including,1
arithmeticJava,1
-3,1
jumping,1
Interfaces,1
exceptionsJava,1
StructureA,1
considered,1
Such,1
acompilation,1
optionally,1
package,1
togroup,1
related,1
together,1
Classes,1
members,1
thatspecify,1
behavior,1
program.Java,1
come,1
flavors,1
Standalone,1
initial,1
context,1
pre-existing,1
mainwindow,1
programmingThe,1
major,1
differences,1
allowed,1
sockets,1
hostplatform,1
Applications,1
restrictions.,1
subclass,1
Aplications,1
tosubclass,1
class.,1
menus.,1
respond,1
lifecycle,1
messagesfrom,1
're,1
running.Java,1
ExecutionThe,1
byte-code,1
translates,1
machine-independent,1
publicly,1
visible,1
aseparate,1
find,1
If,1
programinstantiates,1
loader,1
searches,1
thedirectories,1
listed,1
CLASSPATH,1
environment,1
A.classthat,1
A.There,1
link,1
phase,1
linking,1
atJava,1
-4©,1
Reserved.runtime.The,1
diagram,1
executionsequence,1
named,1
A.java,1
non-publicclass,1
B,1
distributed,1
think,1
acollection,1
DLLs,1
loadable,1
libraries,1
linked,1
demand,1
atruntime,1
When,1
often,1
integrateyour,1
already-existing,1
portions,1
othermachines.A,1
ApplicationConsider,1
trivial,1
application,1
standardoutput,1
-5public,1
argument,1
command,1
java,1
tells,1
beginwith,1
TrivialApplication.class,1
amethod,1
signature,1
files,1
Javalanguage,1
allow,1
outside,1
scoped,1
symbol,1
StartingClassName.main,1
method.Applet,1
ExecutionAn,1
runs,1
Java-compatible,1
orin,1
execute,1
Creates,1
Sends,1
lifecyclemethodsThe,1
takes,1
place,1
constructor,1
calledonce,1
creation,1
Instance,1
method.GUI,1
scrollbars,1
method.,1
whenever,1
isrevisited,1
deiconify,1
methodshould,1
threads.,1
drawing,1
area,1
needsto,1
redrawn,1
Anything,1
contained,1
Bitmaps,1
becausethey,1
handle,1
painting.,1
iconifyyour,1
otherJava,1
-6©,1
Reserved.threads,1
burden,1
unnecessarily,1
guaranteed,1
tobe,1
terminates,1
whenquitting,1
Final,1
clean-up,1
operations,1
freeing,1
systemresources,1
Frameremoves,1
menu,1
bar,1
Therefore,1
forget,1
super.dispose,1
youoverride,1
behavior.The,1
basic,1
uses,1
AWT,1
definitionsimport,1
java.awt,1
AppletTemplate,1
initialize,1
draw,1
things,1
free,1
fill,1
appropriate,1
bring,1
life,1
Ifyou,1
themout,1
ignore,1
attemptingto,1
use.A,1
AppletThe,1
complete,1
displays,1
yourbrowser,1
window,1
java.awt.Graphics,1
display,1
"20,20Java",1
-7,1
"0,0",1
upper-left,1
corner,1
g.drawString,1
instead,1
Forexample,1
looks,1
HTML/Applet,1
InterfaceThe,1
img,1
width=w,1
height=h,1
list,1
name=n,1
value=v,1
width=300,1
height=200,1
name=p1,1
value=34,1
name=p2,1
value=,1
user-defined,1
parameters.The,1
height,1
mandatory,1
parameterscodebase,1
alt,1
archives,1
align,1
vspace,1
hspace,1
Your,1
calling,1
Applet.getParameter,1
p,1
returns,1
ParamTest,1
-8©,1
standard,1
300p1,1
34p2,1
testCommentsJava,1
i.e.,1
block,1
*/where,1
closing,1
ignored,1
and//,1
single-line,1
commentswhere,1
end,1
ignored.Note,1
useful,1
combination,1
C-stylecomments,1
nested,1
comments.This,1
leads,1
interesting,1
observation,1
C++-stylecomments,1
surroundingit,1
So,1
try,1
normal,1
commentary,1
reserve,1
commenting,1
sections,1
ofcode.The,1
also,1
*/These,1
processed,1
javadoc,1
generatedocumentation,1
*/class,1
Blah,1
multiple,1
leading,1
documentation,1
-9DeclarationsA,1
item,1
type.Variables,1
integerint,1
intsVector,1
v,1
Vector,1
objectPrimitive,1
TypesThe,1
TypesPrimitive,1
TypeDescriptionbooleantrue/falsebyte8,1
bitschar16,1
UNICODE,1
short16,1
bitsint32,1
bitslong64,1
bitsfloat32,1
754-1985double64,1
754-1985Java,1
signed.ObjectsA,1
struct,1
allocatesmemory,1
youmust,1
specifically,1
instantiate,1
-10©,1
Reserved.//,1
As,1
accompanying,1
figure,1
places,1
Buttonobject,1
heap.The,1
heapwould,1
codeButton,1
pointerb,1
Button/*,1
*/b,1
*/init,1
something,1
*/All,1
stored,1
stack.Storing,1
cause,1
potential,1
leakage,1
problemsbecause,1
collection.Each,1
Integer,1
Byte,1
Float,1
Double,1
provided,1
typespurely,1
efficiency,1
much,1
efficient,1
Integer.Java,1
-11StringsJava,1
literals,1
realobjects,1
null-terminated.Every,1
asnew,1
